<?xml version="1.0" encoding="UTF-8"?>
<project-private xmlns="http://www.netbeans.org/ns/project-private/1">
    <editor-bookmarks xmlns="http://www.netbeans.org/ns/editor-bookmarks/2" lastBookmarkId="0"/>
    <open-files xmlns="http://www.netbeans.org/ns/projectui-open-files/2">
        <group>
            <file>file:/C:/Users/Jesús%20Quemé/Documents/NetBeansProjects/Hoja_de_trabajo_4_bases2/src/Forms/Transaccion1.java</file>
            <file>file:/C:/Users/Jesús%20Quemé/Documents/NetBeansProjects/Hoja_de_trabajo_4_bases2/src/Logica/Datos.java</file>
            <file>file:/C:/Users/Jesús%20Quemé/Documents/NetBeansProjects/Hoja_de_trabajo_4_bases2/src/Forms/Inicio.java</file>
            <file>file:/C:/Users/Jesús%20Quemé/Documents/NetBeansProjects/Hoja_de_trabajo_4_bases2/src/Forms/Transaccion2.java</file>
            <file>file:/C:/Users/Jesús%20Quemé/Documents/NetBeansProjects/Hoja_de_trabajo_4_bases2/src/Logica/ConexionBD.java</file>
        </group>
    </open-files>
</project-private>
